USE master;

IF EXISTS
(
    SELECT name
    FROM master.dbo.sysdatabases
    WHERE name = N'SWP391_SU24'
)
BEGIN
    ALTER DATABASE SWP391_SU24 SET OFFLINE WITH ROLLBACK IMMEDIATE;
    ALTER DATABASE [SWP391_SU24] SET ONLINE;
    DROP DATABASE [SWP391_SU24];
END;
GO

CREATE DATABASE SWP391_SU24;
GO

USE [SWP391_SU24];
GO
CREATE TABLE Categories
(
    CategoryID INT IDENTITY(1, 1) PRIMARY KEY,
    [CategoryDescription] NVARCHAR(69) NOT NULL,
);
GO

GO
CREATE TABLE Courses
(
    CourseID INT IDENTITY(1, 1) PRIMARY KEY,
    [CourseBannerImage] VARCHAR(420),
    [Title] NVARCHAR(69) NOT NULL,
    [CourseDescription] NTEXT NOT NULL,
    PublishDate DATE
        DEFAULT NULL,
    IsDiscontinued BIT DEFAULT 0,
    Lecturer NVARCHAR(69) NOT NULL,
    DurationInSeconds INT NOT NULL,
    
    CategoryID INT
        FOREIGN KEY REFERENCES dbo.Categories (CategoryID),
    
);
GO
CREATE TABLE Chapters
(
    ChapterID INT IDENTITY(1, 1) PRIMARY KEY,
    ChapterNumber INT NOT NULL,
    CourseID INT
        FOREIGN KEY REFERENCES dbo.Courses (CourseID) ON DELETE CASCADE,
    ChapterName NVARCHAR(69) NOT NULL,
);
GO

CREATE TABLE Lessons
(
    LessonNumber INT NOT NULL,
    ChapterID INT
        FOREIGN KEY REFERENCES dbo.Chapters (ChapterID) ON DELETE CASCADE,
    LessonName NVARCHAR(69) NOT NULL,
    LessonVideo VARCHAR(512) NOT NULL,	
    LessonDescription NTEXT,
    PRIMARY KEY (
                    LessonNumber,
                    ChapterID
                )
);


GO
CREATE TABLE Exams
(
    ExamID INT IDENTITY(1, 1) PRIMARY KEY,
    ExamName NVARCHAR(420),
    CourseID INT
        FOREIGN KEY REFERENCES dbo.Courses (CourseID) ON DELETE CASCADE,
    Duration TIME NOT NULL,
);
GO
CREATE TABLE Questions
(
    QuestionID INT IDENTITY(1, 1) PRIMARY KEY,
    QuestionDetail NVARCHAR(1000) NOT NULL,
    ExamID INT
        FOREIGN KEY REFERENCES dbo.Exams (ExamID) ON DELETE CASCADE
);
GO
CREATE TABLE Choices
(
    ChoiceID INT IDENTITY(1, 1) PRIMARY KEY,
    QuestionID INT
        FOREIGN KEY REFERENCES dbo.Questions (QuestionID) ON DELETE CASCADE,
    Description NVARCHAR(420),
    IsTrueAnswer BIT
        DEFAULT 0,
);
GO
CREATE TABLE [Users]
(
    UserID INT IDENTITY(1, 1) PRIMARY KEY,
    UserName NVARCHAR(420) NOT NULL,
    Email VARCHAR(420) NOT NULL,
    Password VARCHAR(69) NOT NULL,
    Role INT CHECK (Role IN ( 1, 2, 3 ,4)) NOT NULL, /*1: User      2: Teacher      3: Manager  4: Admin*/
    DOB DATE,
    Gender BIT,
    PhoneNumber VARCHAR(69),

    RestrictedUntil DATETIME DEFAULT '2000-01-01 00:00:00',
    RestrictedReason NVARCHAR(420) NULL,
);
GO

CREATE TABLE Progress(
	UserID INT FOREIGN KEY REFERENCES dbo.Users(UserID),
	LessonNumber INT,
	ChapterID INT FOREIGN KEY REFERENCES dbo.Chapters(ChapterID),
	[State] BIT,
	CONSTRAINT Progres FOREIGN KEY (LessonNumber, ChapterID) REFERENCES dbo.Lessons(LessonNumber, ChapterID),
	PRIMARY KEY(UserID, LessonNumber, ChapterID)
)
GO
CREATE TABLE [UsersEnroll]
(
    UserId INT
        FOREIGN KEY REFERENCES dbo.Users (UserID),
    CourseID INT
        FOREIGN KEY REFERENCES dbo.Courses (CourseID),
    Status VARCHAR(100) CHECK (Status IN ( 'Learning', 'Complete' ))
        DEFAULT 'Learning',
	Progress INT DEFAULT 0,
    PRIMARY KEY (
                    UserId,
                    CourseID
                )
);
GO
CREATE TABLE ExamPapers
(
    PaperID INT IDENTITY(1, 1) PRIMARY KEY,
    UserID INT
        FOREIGN KEY REFERENCES dbo.[Users] (UserID) ON DELETE CASCADE,
    ExamID INT
        FOREIGN KEY REFERENCES dbo.Exams (ExamID) ON DELETE CASCADE,
    TimeStart DATETIME
        DEFAULT GETDATE(),
    TimeEnd DATETIME,
    State INT CHECK (State IN ( 1, 2 )),
    Score INT
);
GO
CREATE TABLE UserAnswers
(
    AnswerID INT IDENTITY(1, 1),
    PaperID INT
        FOREIGN KEY REFERENCES dbo.ExamPapers (PaperID) ON DELETE CASCADE,
    ChoiceID INT
        FOREIGN KEY REFERENCES dbo.Choices (ChoiceID),
    PRIMARY KEY (
                    AnswerID,
                    ChoiceID
                )
);
GO

GO
CREATE TABLE Ratings
(
    RatingID INT IDENTITY(1, 1),

    UserID INT
        FOREIGN KEY REFERENCES dbo.Users (UserID) ON DELETE CASCADE,
    CourseID INT
        FOREIGN KEY REFERENCES dbo.Courses (CourseID) ON DELETE CASCADE,
    Rating INT CHECK (Rating >= 1
                      AND Rating <= 5
                     ),
    RateTime DATETIME
        DEFAULT GETDATE(),
    Review NTEXT,
	IsReported BIT DEFAULT 0,
    PRIMARY KEY (
         UserID,
                    CourseID
                )
);
GO
CREATE TABLE CourseAssignment (
  UserId INT,
  CourseId INT,
  PRIMARY KEY (UserId, CourseId),
  FOREIGN KEY (UserId) REFERENCES Users(UserID) ON DELETE CASCADE,
  FOREIGN KEY (CourseId) REFERENCES Courses(CourseID)ON DELETE CASCADE,
);

GO
INSERT [dbo].[Categories] ([CategoryDescription]) VALUES (N'Programing')
INSERT [dbo].[Categories] ([CategoryDescription]) VALUES (N'Design')
INSERT [dbo].[Categories] ([CategoryDescription]) VALUES (N'Marketing')
INSERT [dbo].[Categories] ([CategoryDescription]) VALUES (N'Photography & Video')
INSERT [dbo].[Categories] ([CategoryDescription]) VALUES (N'Teaching&Academi')
GO 

)
GO
INSERT [dbo].[Courses] ([CourseBannerImage], [Title], [CourseDescription], [PublishDate], [Lecturer], [DurationInSeconds], [LevelID], [CategoryID]) VALUES (N'https://www.classcentral.com/report/wp-content/uploads/2022/05/Java-BCG-Banner.png', N'Learn to Program in Java', N'Ready to start your programming journey? Being a software engineer is much more than simply writing code--it requires a strong conceptual understanding of computer science. In this course, which was developed through a combination of academic and industry perspectives, learn not only how to code in Java but also how to break down problems and implement their solutions using some of the most fundamental computer science tools.

Get plenty of hands-on Java coding experience with methods, logic, loops, variables, parameters, returns, and recursion. And write your code using industry-standard tools and practices to help you build strong habits as you grow your development skill set.

Whether you are preparing for advanced university computer science courses, an entry-level software engineering position, or the Advanced Placement Computer Science A exam, get the tools you need to succeed in this practical, self-paced Java course.', CAST(N'2023-06-16' AS Date), N'Admin', 3600, 1, 1)
INSERT [dbo].[Courses] ([CourseBannerImage], [Title], [CourseDescription], [PublishDate], [Lecturer], [DurationInSeconds], [LevelID], [CategoryID]) VALUES (N'https://www.freecodecamp.org/news/content/images/size/w2000/2022/02/Banner-10.png', N'Giới thiệu về Python', N'Khóa học này giới thiệu cách sử dụng ngôn ngữ lập trình Python.', CAST(N'2023-01-01' AS Date), N'Nguyễn Văn A', 18000, 1, 1)
INSERT [dbo].[Courses] ([CourseBannerImage], [Title], [CourseDescription], [PublishDate], [Lecturer], [DurationInSeconds], [LevelID], [CategoryID]) VALUES (N'https://gisgeography.com/wp-content/uploads/2022/01/Artificial-Intelligence-Courses-Feature.png', N'Trí tuệ nhân tạo cho người mới bắt đầu', N'Khóa học cung cấp kiến thức cơ bản về trí tuệ nhân tạo.', CAST(N'2023-02-01' AS Date), N'Trần Thị B', 25000, 1, 1)
INSERT [dbo].[Courses] ([CourseBannerImage], [Title], [CourseDescription], [PublishDate], [Lecturer], [DurationInSeconds], [LevelID], [CategoryID]) VALUES (N'https://www.classcentral.com/report/wp-content/uploads/2022/10/React-JS-BCG-Banner.png', N'Phát triển ứng dụng di động với React Native', N'Học cách xây dựng ứng dụng di động đa nền tảng với React Native.', CAST(N'2023-03-01' AS Date), N'Lê Văn C', 30000, 2, 1)
INSERT [dbo].[Courses] ([CourseBannerImage], [Title], [CourseDescription], [PublishDate], [Lecturer], [DurationInSeconds], [LevelID], [CategoryID]) VALUES (N'https://leverageedu.com/blog/wp-content/uploads/2021/08/Best-Blockchain-Courses-800x500.png', N'Giới thiệu về Blockchain', N'Tìm hiểu về công nghệ Blockchain và các ứng dụng của nó.', CAST(N'2023-04-01' AS Date), N'Phạm Thị D', 20000, 1, 1)
INSERT [dbo].[Courses] ([CourseBannerImage], [Title], [CourseDescription], [PublishDate], [Lecturer], [DurationInSeconds], [LevelID], [CategoryID]) VALUES (N'https://ccweb.imgix.net/https%3A%2F%2Fwww.classcentral.com%2Freport%2Fwp-content%2Fuploads%2F2017%2F10%2Fjs-and-frameworks-banner.png?auto=format&h=300&ixlib=php-4.1.0&s=4486df73054faf8345d0b8f69a791187', N'Lập trình Web với JavaScript, HTML và CSS', N'Khóa học này giúp bạn nắm vững kiến thức cơ bản về lập trình web.', CAST(N'2023-05-01' AS Date), N'Đặng Văn E', 27000, 1, 1)
INSERT [dbo].[Courses] ([CourseBannerImage], [Title], [CourseDescription], [PublishDate], [Lecturer], [DurationInSeconds], [LevelID], [CategoryID]) VALUES (N'https://www.freecodecamp.org/news/content/images/2022/01/machine-learning-banner-2.png', N'Machine Learning cơ bản', N'Khóa học giúp bạn tìm hiểu về machine learning và các thuật toán cơ bản.', CAST(N'2023-06-01' AS Date), N'Huỳnh Văn F', 32000, 2, 1)
INSERT [dbo].[Courses] ([CourseBannerImage], [Title], [CourseDescription], [PublishDate], [Lecturer], [DurationInSeconds], [LevelID], [CategoryID]) VALUES (N'https://i.ytimg.com/vi/2yXfUPwlZTw/maxresdefault.jpg', N'Phát triển ứng dụng Web với Django', N'Học cách xây dựng ứng dụng web mạnh mẽ với Django.', CAST(N'2023-07-01' AS Date), N'Ngô Thị G', 35000, 2, 1)
INSERT [dbo].[Courses] ([CourseBannerImage], [Title], [CourseDescription], [PublishDate], [Lecturer], [DurationInSeconds], [LevelID], [CategoryID]) VALUES (N'https://www.classcentral.com/report/wp-content/uploads/2022/06/SQL-BCG-Banner-2.png', N'Tối ưu hóa SQL', N'Tìm hiểu về cách tối ưu hóa truy vấn SQL và cải thiện hiệu suất.', CAST(N'2023-09-01' AS Date), N'Lý Thị I', 22000, 3, 1)
INSERT [dbo].[Courses] ([CourseBannerImage], [Title], [CourseDescription], [PublishDate], [Lecturer], [DurationInSeconds], [LevelID], [CategoryID]) VALUES (N'https://img-c.udemycdn.com/course/750x422/1210008_6859.jpg', N'Lập trình game với Unity', N'Khóa học này giúp bạn nắm vững kiến thức cơ bản về lập trình game với Unity.', CAST(N'2023-10-01' AS Date), N'Phan Văn J', 40000, 1, 1)
INSERT [dbo].[Courses] ([CourseBannerImage], [Title], [CourseDescription], [PublishDate], [Lecturer], [DurationInSeconds], [LevelID], [CategoryID]) VALUES (N'https://images.careerbuilder.vn/content/images/ui-ux-careerbuilder.jpg', N'UI/UX Design cơ bản', N'Khóa học giúp bạn tìm hiểu về thiết kế giao diện và trải nghiệm người dùng.', CAST(N'2023-11-01' AS Date), N'Mai Văn K', 24000, 1, 2)
INSERT [dbo].[Courses] ([CourseBannerImage], [Title], [CourseDescription], [PublishDate], [Lecturer], [DurationInSeconds], [LevelID], [CategoryID]) VALUES (N'https://www.classcentral.com/report/wp-content/uploads/2022/05/Adobe-Photoshop-BCG-Banner-1.png', N'Thiết kế đồ họa với Adobe Photoshop', N'Học cách sử dụng Adobe Photoshop để tạo ra các sản phẩm đồ họa chuyên nghiệp.', CAST(N'2023-12-01' AS Date), N'Bùi Thị L', 30000, 1, 2)
INSERT [dbo].[Courses] ([CourseBannerImage], [Title], [CourseDescription], [PublishDate], [Lecturer], [DurationInSeconds], [LevelID], [CategoryID]) VALUES (N'https://www.classcentral.com/report/wp-content/uploads/2022/05/Sketch-Banner.png', N'Thiết kế sản phẩm với Sketch', N'Khóa học giới thiệu về Sketch và cách sử dụng công cụ này để thiết kế sản phẩm.', CAST(N'2024-01-01' AS Date), N'Vũ Văn M', 27000, 2, 2)
INSERT [dbo].[Courses] ([CourseBannerImage], [Title], [CourseDescription], [PublishDate], [Lecturer], [DurationInSeconds], [LevelID], [CategoryID]) VALUES (N'https://www.classcentral.com/report/wp-content/uploads/2022/05/Figma-Banner-2.png', N'Thiết kế Web với Figma', N'Tìm hiểu về cách thiết kế giao diện web chuyên nghiệp với Figma.', CAST(N'2024-02-01' AS Date), N'Phạm Thị N', 26000, 2, 2)
INSERT [dbo].[Courses] ([CourseBannerImage], [Title], [CourseDescription], [PublishDate], [Lecturer], [DurationInSeconds], [LevelID], [CategoryID]) VALUES (N'https://www.classcentral.com/report/wp-content/uploads/2022/06/Adobe-Illustrator-BCG-Banner.png', N'Thiết kế đồ họa với Adobe Illustrator', N'Khóa học này giúp bạn nắm vững kiến thức cơ bản về thiết kế đồ họa với Adobe Illustrator.', CAST(N'2024-03-01' AS Date), N'Đặng Văn O', 32000, 1, 2)
GO
INSERT [dbo].[Chapters] ([ChapterNumber], [CourseID], [ChapterName]) VALUES (1, 1, N'Module 1 - Java Basics')
INSERT [dbo].[Chapters] ([ChapterNumber], [CourseID], [ChapterName]) VALUES (2, 1, N'Module 2 - Control Structures')
INSERT [dbo].[Chapters] ([ChapterNumber], [CourseID], [ChapterName]) VALUES (3, 1, N'Module 3 - Data Flow')
GO 
INSERT [dbo].[Lessons] ([LessonNumber], [ChapterID], [LessonName], [LessonVideo] , [LessonDescription])VALUES (1, 1, N'Java 01. Why learn Java programming?', N'https://www.youtube.com/embed/xfOp0izFnu0', N'')
INSERT [dbo].[Lessons] ([LessonNumber], [ChapterID], [LessonName], [LessonVideo],[LessonDescription]) VALUES (1, 2, N'Java 07. How to import data from key sales', N'https://www.youtube.com/embed/ymFKMQSeodQ', N'')
INSERT [dbo].[Lessons] ([LessonNumber], [ChapterID], [LessonName], [LessonVideo],[LessonDescription]) VALUES (1, 3, N'Java 13. Conditional Operators in Java', N'https://www.youtube.com/embed/CQDWaJKynqs', N'')
INSERT [dbo].[Lessons] ([LessonNumber], [ChapterID], [LessonName], [LessonVideo] ,[LessonDescription]) VALUES (2, 1, N'Java 02. Install JDK and Eclipse', N'https://www.youtube.com/embed/ayA1Lz2qEZo', N'')
INSERT [dbo].[Lessons] ([LessonNumber], [ChapterID], [LessonName], [LessonVideo] ,[LessonDescription]) VALUES (2, 2, N'Java 08. Basic math operations in Java', N'https://www.youtube.com/embed/-F8_zsyfs2I', N'')
INSERT [dbo].[Lessons] ([LessonNumber], [ChapterID], [LessonName], [LessonVideo] ,[LessonDescription]) VALUES (2, 3, N'Java 14. Conditional statement if…else in Java', N'https://www.youtube.com/embed/HUtHP5Iz0BQ', N'')
INSERT [dbo].[Lessons] ([LessonNumber], [ChapterID], [LessonName], [LessonVideo],[LessonDescription]) VALUES (3, 1, N'Java 03. Structure of a Java class', N'https://www.youtube.com/embed/6Gbxt2Sox7k', N'')
INSERT [dbo].[Lessons] ([LessonNumber], [ChapterID], [LessonName], [LessonVideo] ,[LessonDescription]) VALUES (3, 2, N'Java 09. Unary operators in Java programming', N'https://www.youtube.com/embed/AHF2sxWTGR4', N'')
INSERT [dbo].[Lessons] ([LessonNumber], [ChapterID], [LessonName], [LessonVideo] ,[LessonDescription]) VALUES (3, 3, N'Java 15 . Solving quadratic equation ax2 bx c=0 in Java', N'https://www.youtube.com/embed/qUuUJXkeGgk', N'')
INSERT [dbo].[Lessons] ([LessonNumber], [ChapterID], [LessonName], [LessonVideo] ,[LessonDescription]) VALUES (4, 1, N'Java 04. How to declare variables in Java', N'https://www.youtube.com/embed/zEbraQ5vIaU', N'')
INSERT [dbo].[Lessons] ([LessonNumber], [ChapterID], [LessonName], [LessonVideo] ,[LessonDescription]) VALUES (4, 2, N'Java 10. How to assign data in Java', N'https://www.youtube.com/embed/77vlH6uD32E', N'')
INSERT [dbo].[Lessons] ([LessonNumber], [ChapterID], [LessonName], [LessonVideo] ,[LessonDescription]) VALUES (4, 3, N'Java 16 . Switch…case statement in Java programming', N'https://www.youtube.com/embed/kRSD0jWQSGQ', N'')
INSERT [dbo].[Lessons] ([LessonNumber], [ChapterID], [LessonName], [LessonVideo] ,[LessonDescription]) VALUES (5, 1, N'Java 05 . How to take notes in Java', N'https://www.youtube.com/embed/jgzgkUbK35M', N'')
INSERT [dbo].[Lessons] ([LessonNumber], [ChapterID], [LessonName], [LessonVideo] ,[LessonDescription]) VALUES (5, 2, N'Java 11. Comparison and conditional operations in Java', N'https://www.youtube.com/embed/LuPiDFcHWoU', N'')
INSERT [dbo].[Lessons] ([LessonNumber], [ChapterID], [LessonName], [LessonVideo] ,[LessonDescription]) VALUES (5, 3, N'Java 17.  Exercises to check the number of days of the month in Java', N'https://www.youtube.com/embed/XPO2QR4K5Y4', N'')
INSERT [dbo].[Lessons] ([LessonNumber], [ChapterID], [LessonName], [LessonVideo],[LessonDescription]) VALUES (6, 1, N'Java 06. How to check and handle compilation errors', N'https://www.youtube.com/embed/2Zu17CS3288', N'')
INSERT [dbo].[Lessons] ([LessonNumber], [ChapterID], [LessonName], [LessonVideo],[LessonDescription]) VALUES (6, 2, N'Java 12. Math class and math functions in Java', N'https://www.youtube.com/embed/7FoJA49E0zE', N'')
INSERT [dbo].[Lessons] ([LessonNumber], [ChapterID], [LessonName], [LessonVideo] ,[LessonDescription]) VALUES (6, 3, N'Java 18.  How to use for loop in Java programming', N'https://www.youtube.com/embed/1NyJ0Nk5DAQ', N'')
INSERT [dbo].[Lessons] ([LessonNumber], [ChapterID], [LessonName], [LessonVideo] ,[LessonDescription]) VALUES (7, 3, N'Java 19. Looping to print multiplication table in Java', N'https://www.youtube.com/embed/x0N_89T4dhk', N'')
INSERT [dbo].[Lessons] ([LessonNumber], [ChapterID], [LessonName], [LessonVideo],[LessonDescription]) VALUES (8, 3, N'Java 20. How to use while loop in Java programming', N'https://www.youtube.com/embed/LRfESV4rmFE', N'')
INSERT [dbo].[Lessons] ([LessonNumber], [ChapterID], [LessonName], [LessonVideo] ,[LessonDescription]) VALUES (9, 3, N'Java 21. Convert numbers from decimal to binary', N'https://www.youtube.com/embed/V71kcbhNfT8', N'')
INSERT [dbo].[Lessons] ([LessonNumber], [ChapterID], [LessonName], [LessonVideo],[LessonDescription]) VALUES (10, 3, N'Java 22. Do while loop in Java iterator', N'https://www.youtube.com/embed/Y8IYMoq4LmE', N'')
INSERT [dbo].[Lessons] ([LessonNumber], [ChapterID], [LessonName], [LessonVideo] ,[LessonDescription]) VALUES (11, 3, N'Java 23. How to use break, continue and return statements in Java', N'https://www.youtube.com/embed/-9TwINgJOUM', N'')
INSERT [dbo].[Lessons] ([LessonNumber], [ChapterID], [LessonName], [LessonVideo] ,[LessonDescription]) VALUES (12, 3, N'Java 24 . How to catch exceptions with try catch in Java programming', N'https://www.youtube.com/embed/nQXE89sy8QQ', N'')
INSERT [dbo].[Lessons] ([LessonNumber], [ChapterID], [LessonName], [LessonVideo] ,[LessonDescription]) VALUES (13, 3, N'Java 25. Introduction to arrays in Java programming', N'https://www.youtube.com/embed/ph_RfyQP5cE', N'')
GO


-- Generate default accounts
-- Pass: 12345678
insert into Users(Username, Email, Password, Role)
values ('devadmin', 'admin@gmail.com', '6a5aeb1ea832832a9969a562357994ba', 4)

insert into Users(Username, Email, Password, Role)
values ('devmanager', 'manager@gmail.com', '6a5aeb1ea832832a9969a562357994ba', 3)

insert into Users(Username, Email, Password, Role)
values ('devdesigner', 'designer@gmail.com', '6a5aeb1ea832832a9969a562357994ba', 2)

insert into Users(Username, Email, Password, Role)
values ('devuser', 'user@gmail.com', '6a5aeb1ea832832a9969a562357994ba', 1)

insert into UsersEnroll(UserID, CourseID, Status) values 
(3, 1, 'Learning'),
(3, 2, 'Learning'),
(3, 3, 'Learning'),
(3, 4, 'Learning'),
(3, 5, 'Learning')


INSERT INTO dbo.Exams(ExamName, CourseID, Duration)VALUES( N'Module 1 Exam', 1, '00:30:00')

INSERT INTO dbo.Questions(QuestionDetail, ExamID)VALUES(   N'Which of the following is not an element of descriptive statistical problems?', 1)
INSERT INTO dbo.Questions(QuestionDetail, ExamID)VALUES(   N'A bag of colored candies contains 20 red, 25 yellow, 15 blue and 20 orange candies. An experiment consists of randomly choosing one candy from the bag and recording its color. What is the sample space for this experiment?', 1)
INSERT INTO dbo.Questions(QuestionDetail, ExamID)VALUES(   N'Sixty-five percent of men consider themselves knowledgeable football fans. If 15 men are randomly selected, find the probability that exactly five of them will consider themselves knowledgeable fans.', 1)
INSERT INTO dbo.Questions(QuestionDetail, ExamID)VALUES(   N'The conditional probability of event G, given the knowledge that event H has occurred, would be written as _____.', 1)
INSERT INTO dbo.Questions(QuestionDetail, ExamID)VALUES(   N'A company has 2 machines that produce widgets. An older machine produces 23% defective widgets, while the new machine produces only 8% defective widgets. In addition, the new machine produces 3 times as many widgets as the older machine does. Given that a widget was produced by the new machine, what is the probability it is not defective?', 1)
INSERT INTO dbo.Questions(QuestionDetail, ExamID)VALUES(   N'If P(A) = 0.45, P(B) = 0.25, and P(B|A) = 0.45, are A and B independent?', 1)
INSERT INTO dbo.Questions(QuestionDetail, ExamID)VALUES(   N'It was found that 60% of the workers were white, 30% were black and 10% are other races. Given that a worker was white, the probability that the worker had claimed bias was 30%. Given that a worker was black, the probability that the worker had claimed bias was 40%. Given that a worker was other race, the probability that the worker had claimed bias was 0%. If a randomly selected worker had claimed bias, what is the probability that the worker is white?', 1)
INSERT INTO dbo.Questions(QuestionDetail, ExamID)VALUES(   N'Samples of 10 parts from a metal punching process are selected every hour. Let X denote the number of parts in the sample of 10 that require rework. If the percentage of parts that require rework at 3%, what is the probability that X exceeds 2?', 1)
INSERT INTO dbo.Questions(QuestionDetail, ExamID)VALUES(   N'The range of the random variable X is {1, 2, 3, 6, u}, where u is unknown. If each value is equally likely and the mean of X is 10, determine the value of u.', 1)
INSERT INTO dbo.Questions(QuestionDetail, ExamID)VALUES(   N'The probability that a radish seed will germinate is 0.26. A gardener plants seeds in batches of 52. Find the standard deviation for the random variable X, the number of seeds germinating in each batch.', 1)

INSERT INTO dbo.Choices(QuestionID, Description, IsTrueAnswer)VALUES(1, N'a. The population or sample of interest.', 0)
INSERT INTO dbo.Choices(QuestionID, Description, IsTrueAnswer)VALUES(1, N'b. Identification of patterns in the data.', 0)
INSERT INTO dbo.Choices(QuestionID, Description, IsTrueAnswer)VALUES(1, N'c. An inference made about the population based on the sample.', 1)
INSERT INTO dbo.Choices(QuestionID, Description, IsTrueAnswer)VALUES(1, N'd. Tables, graphs, or numerical summary tools.', 0)

INSERT INTO dbo.Choices(QuestionID, Description, IsTrueAnswer)VALUES(2, N'a. {80}', 0)
INSERT INTO dbo.Choices(QuestionID, Description, IsTrueAnswer)VALUES(2, N'b. {20, 25, 15, 20}', 0)
INSERT INTO dbo.Choices(QuestionID, Description, IsTrueAnswer)VALUES(2, N'c. {red, yellow, blue, orange}', 1)
INSERT INTO dbo.Choices(QuestionID, Description, IsTrueAnswer)VALUES(2, N'd. {1/4, 5/16, 7/16}', 0)
INSERT INTO dbo.Choices(QuestionID, Description, IsTrueAnswer)VALUES(2, N'e. {red, yellow, orange}', 0)

INSERT INTO dbo.Choices(QuestionID, Description, IsTrueAnswer)VALUES(3, N'a. 0.0096', 1)
INSERT INTO dbo.Choices(QuestionID, Description, IsTrueAnswer)VALUES(3, N'b. 0.6541', 0)
INSERT INTO dbo.Choices(QuestionID, Description, IsTrueAnswer)VALUES(3, N'c. 0.3853', 0)
INSERT INTO dbo.Choices(QuestionID, Description, IsTrueAnswer)VALUES(3, N'd. 0.0341', 0)

INSERT INTO dbo.Choices(QuestionID, Description, IsTrueAnswer)VALUES(4, N'a. P(H | G)', 0)
INSERT INTO dbo.Choices(QuestionID, Description, IsTrueAnswer)VALUES(4, N'b. P(G)', 0)
INSERT INTO dbo.Choices(QuestionID, Description, IsTrueAnswer)VALUES(4, N'c. P(H)', 0)
INSERT INTO dbo.Choices(QuestionID, Description, IsTrueAnswer)VALUES(4, N'd. P(G | H)', 1)

INSERT INTO dbo.Choices(QuestionID, Description, IsTrueAnswer)VALUES(5, N'a. 0.92', 1)
INSERT INTO dbo.Choices(QuestionID, Description, IsTrueAnswer)VALUES(5, N'b. 0.06', 0)
INSERT INTO dbo.Choices(QuestionID, Description, IsTrueAnswer)VALUES(5, N'c. 0.94', 0)
INSERT INTO dbo.Choices(QuestionID, Description, IsTrueAnswer)VALUES(5, N'd. 0.50', 0)

INSERT INTO dbo.Choices(QuestionID, Description, IsTrueAnswer)VALUES(6, N'a. cannot determine', 0)
INSERT INTO dbo.Choices(QuestionID, Description, IsTrueAnswer)VALUES(6, N'b. yes', 0)
INSERT INTO dbo.Choices(QuestionID, Description, IsTrueAnswer)VALUES(6, N'c. no', 1)

INSERT INTO dbo.Choices(QuestionID, Description, IsTrueAnswer)VALUES(7, N'a. 0.3', 0)
INSERT INTO dbo.Choices(QuestionID, Description, IsTrueAnswer)VALUES(7, N'b. 0.7', 0)
INSERT INTO dbo.Choices(QuestionID, Description, IsTrueAnswer)VALUES(7, N'c. 0.6', 1)
INSERT INTO dbo.Choices(QuestionID, Description, IsTrueAnswer)VALUES(7, N'd. 0.4', 0)

INSERT INTO dbo.Choices(QuestionID, Description, IsTrueAnswer)VALUES(8, N'a. 0.3152', 0)
INSERT INTO dbo.Choices(QuestionID, Description, IsTrueAnswer)VALUES(8, N'b. 0.0028', 1)
INSERT INTO dbo.Choices(QuestionID, Description, IsTrueAnswer)VALUES(8, N'c. 0.4114', 0)
INSERT INTO dbo.Choices(QuestionID, Description, IsTrueAnswer)VALUES(8, N'd. 0.0159', 0)

INSERT INTO dbo.Choices(QuestionID, Description, IsTrueAnswer)VALUES(9, N'a. 24', 0)
INSERT INTO dbo.Choices(QuestionID, Description, IsTrueAnswer)VALUES(9, N'b. 38', 1)
INSERT INTO dbo.Choices(QuestionID, Description, IsTrueAnswer)VALUES(9, N'c. 19', 0)
INSERT INTO dbo.Choices(QuestionID, Description, IsTrueAnswer)VALUES(9, N'd. 12', 0)

INSERT INTO dbo.Choices(QuestionID, Description, IsTrueAnswer)VALUES(10, N'a. 3.25', 0)
INSERT INTO dbo.Choices(QuestionID, Description, IsTrueAnswer)VALUES(10, N'b. 1.77', 0)
INSERT INTO dbo.Choices(QuestionID, Description, IsTrueAnswer)VALUES(10, N'c. 1.52', 0)
INSERT INTO dbo.Choices(QuestionID, Description, IsTrueAnswer)VALUES(10, N'd. 3.16', 1)